{
  "project_info": {
    "project_number": "815586161349",
    "project_id": "segprojet-b0033",
    "storage_bucket": "segprojet-b0033.appspot.com"
  },
  "client": [
    {
      "client_info": {
        "mobilesdk_app_id": "1:815586161349:android:48d6797fc0b4dcdb9636ac",
        "android_client_info": {
          "package_name": "com.example.segprojet"
        }
      },
      "oauth_client": [],
      "api_key": [
        {
          "current_key": "AIzaSyAVo54KrPngMyXPLrsB2UAUMCvIwgCkpwY"
        }
      ],
      "services": {
        "appinvite_service": {
          "other_platform_oauth_client": []
        }
      }
    }
  ],
  "configuration_version": "1"
}